epoch,step,test_acc,test_f1,test_loss,test_precision,test_recall
0,0,0.8833333253860474,0.8863361477851868,0.324701726436615,0.8807008862495422,0.8934757709503174
