epoch,step,test_acc,test_f1,test_loss,test_precision,test_recall
0,0,0.7916666865348816,0.7874609231948853,0.5561730265617371,0.781256914138794,0.8079010248184204
