epoch,step,test_acc,test_f1,test_loss,test_precision,test_recall
0,0,0.8027777671813965,0.797005832195282,0.5483253598213196,0.7913001775741577,0.814988911151886
