epoch,step,test_acc,test_f1,test_loss,test_precision,test_recall
0,0,0.8361111283302307,0.8286042809486389,0.42025014758110046,0.8219233155250549,0.8419273495674133
